lineup,TEAM_ABBREVIATION,GP,W,L,W_PCT,MIN,OFF_RATING,DEF_RATING,NET_RATING,AST_PCT,AST_TO,AST_RATIO,OREB_PCT,DREB_PCT,REB_PCT,TM_TOV_PCT,EFG_PCT,TS_PCT,PACE,PIE
M. Barnes | B. Griffin | D. Jordan | C. Paul | J. Redick,LAC,60,42,18,0.7,1217.0,117.8,100.0,17.7,0.692,2.51,21.7,0.271,0.76,0.528,0.123,0.571,0.595,97.03,0.608
D. Carroll | A. Horford | K. Korver | P. Millsap | J. Teague,ATL,57,43,14,0.754,915.0,109.8,101.6,8.1,0.725,2.01,21.8,0.212,0.726,0.478,0.151,0.554,0.587,96.89,0.557
H. Barnes | A. Bogut | S. Curry | D. Green | K. Thompson,GSW,58,51,7,0.879,813.0,114.4,94.8,19.6,0.701,2.25,22.3,0.203,0.772,0.503,0.138,0.583,0.603,100.66,0.602
L. Aldridge | N. Batum | D. Lillard | R. Lopez | W. Matthews,POR,32,24,8,0.75,629.0,107.8,97.1,10.7,0.558,1.77,16.8,0.249,0.769,0.523,0.127,0.503,0.547,96.13,0.572
B. Beal | M. Gortat | N. Hilario | P. Pierce | J. Wall,WAS,40,20,20,0.5,596.0,106.1,98.7,7.4,0.647,1.86,20.0,0.216,0.817,0.518,0.147,0.535,0.561,96.79,0.541
K. Irving | L. James | K. Love | T. Mozgov | J. Smith,CLE,33,29,4,0.879,481.0,116.1,96.8,19.3,0.628,1.82,20.0,0.277,0.752,0.531,0.153,0.578,0.604,97.07,0.601
T. Allen | M. Conley | M. Gasol | C. Lee | Z. Randolph,MEM,43,31,12,0.721,460.0,110.1,102.7,7.4,0.552,1.5,17.3,0.239,0.724,0.49,0.152,0.535,0.585,94.98,0.547
T. Chandler | M. Ellis | D. Nowitzki | C. Parsons | R. Rondo,DAL,31,17,14,0.548,455.0,103.0,106.7,-3.8,0.583,1.57,18.3,0.221,0.744,0.47,0.157,0.526,0.546,96.72,0.468
D. Collison | D. Cousins | R. Gay | B. McLemore | J. Thompson,SAC,30,14,16,0.467,427.0,108.1,91.8,16.4,0.518,1.5,16.4,0.24,0.795,0.534,0.143,0.528,0.566,97.75,0.594
M. Conley | M. Gasol | J. Green | C. Lee | Z. Randolph,MEM,29,19,10,0.655,426.0,100.4,103.4,-3.0,0.597,1.65,17.5,0.191,0.766,0.474,0.139,0.481,0.531,92.72,0.504
A. Afflalo | W. Chandler | K. Faried | T. Lawson | T. Mozgov,DEN,29,14,15,0.483,416.0,107.1,108.6,-1.5,0.563,1.45,16.9,0.317,0.779,0.544,0.16,0.512,0.546,96.92,0.486
E. Bledsoe | G. Dragic | A. Len | M. Morris | P. Tucker,PHX,35,19,16,0.543,392.0,103.9,94.5,9.4,0.497,1.35,16.1,0.239,0.755,0.51,0.156,0.524,0.549,98.67,0.554
D. DeRozan | A. Johnson | K. Lowry | T. Ross | J. Valanciunas,TOR,32,20,12,0.625,390.0,107.2,104.7,2.6,0.543,1.57,17.2,0.222,0.783,0.521,0.145,0.535,0.568,96.03,0.51
R. Hibbert | G. Hill | S. Hill | C. Miles | D. West,IND,30,19,11,0.633,374.0,104.6,100.3,4.3,0.663,2.22,19.0,0.215,0.801,0.512,0.116,0.49,0.532,94.28,0.542
T. Ariza | P. Beverley | J. Harden | D. Howard | D. Motiejunas,HOU,25,15,10,0.6,360.0,108.1,96.7,11.5,0.663,1.37,18.7,0.289,0.748,0.523,0.188,0.547,0.58,98.41,0.541
J. Butler | M. Dunleavy | P. Gasol | J. Noah | D. Rose,CHI,21,16,5,0.762,353.0,107.2,103.5,3.7,0.646,1.92,19.2,0.25,0.77,0.525,0.137,0.511,0.552,95.78,0.549
O. Asik | A. Davis | T. Evans | E. Gordon | Q. Pondexter,NOP,25,18,7,0.72,346.0,109.0,104.5,4.5,0.642,1.79,19.6,0.268,0.759,0.512,0.152,0.543,0.564,92.38,0.518
G. Antetokounmpo | M. Carter-Williams | E. Ilyasova | K. Middleton | Z. Pachulia,MIL,24,10,14,0.417,344.0,107.3,97.4,9.9,0.667,1.7,19.7,0.3,0.792,0.543,0.163,0.519,0.556,97.2,0.561
C. Boozer | K. Bryant | J. Hill | W. Johnson | J. Lin,LAL,20,5,15,0.25,338.0,102.4,117.6,-15.2,0.632,1.9,18.5,0.245,0.745,0.479,0.133,0.482,0.521,98.74,0.415
T. Burke | A. Burks | D. Favors | G. Hayward | E. Kanter,UTA,24,9,15,0.375,328.0,114.4,114.8,-0.3,0.54,1.88,18.4,0.266,0.755,0.515,0.133,0.56,0.584,91.04,0.498
B. Bass | A. Bradley | M. Smart | E. Turner | T. Zeller,BOS,33,19,14,0.576,321.0,95.1,102.3,-7.2,0.592,2.08,18.2,0.182,0.768,0.471,0.117,0.471,0.49,97.95,0.464
B. Beal | M. Gortat | K. Humphries | P. Pierce | J. Wall,WAS,28,18,10,0.643,317.0,98.0,96.2,1.8,0.673,1.64,19.5,0.214,0.812,0.505,0.161,0.497,0.526,97.46,0.512
A. Afflalo | L. Aldridge | N. Batum | D. Lillard | R. Lopez,POR,21,14,7,0.667,314.0,107.5,111.0,-3.5,0.529,1.58,16.5,0.242,0.755,0.513,0.139,0.516,0.553,95.63,0.484
K. Bryant | E. Davis | J. Hill | W. Johnson | R. Price,LAL,19,5,14,0.263,269.0,96.9,106.6,-9.7,0.673,1.75,18.8,0.22,0.753,0.474,0.145,0.477,0.509,96.77,0.451
W. Chandler | K. Faried | R. Foye | D. Gallinari | T. Lawson,DEN,16,7,9,0.438,267.0,113.1,105.8,7.3,0.602,2.01,18.8,0.174,0.813,0.49,0.123,0.562,0.597,100.24,0.529
B. Diaw | T. Duncan | D. Green | K. Leonard | T. Parker,SAS,44,31,13,0.705,266.0,114.2,102.3,11.9,0.589,1.94,19.0,0.256,0.786,0.534,0.133,0.555,0.588,94.66,0.57
A. Afflalo | W. Chandler | K. Faried | T. Lawson | J. Nurkic,DEN,25,8,17,0.32,265.0,97.0,101.6,-4.6,0.655,1.78,18.4,0.231,0.795,0.512,0.141,0.471,0.5,97.05,0.486
T. Duncan | D. Green | K. Leonard | T. Parker | T. Splitter,SAS,29,21,8,0.724,265.0,116.8,93.2,23.6,0.622,2.46,21.2,0.219,0.749,0.508,0.119,0.569,0.601,96.84,0.622
R. Hibbert | S. Hill | R. Stuckey | C. Watson | D. West,IND,24,9,15,0.375,260.0,96.0,110.5,-14.6,0.605,1.53,17.6,0.229,0.732,0.483,0.155,0.47,0.504,92.3,0.441
K. Irving | L. James | K. Love | S. Marion | A. Varejao,CLE,22,14,8,0.636,257.0,107.2,104.2,3.0,0.722,2.07,21.2,0.259,0.761,0.518,0.144,0.517,0.557,95.07,0.528
M. Brown | J. Johnson | B. Lopez | D. Williams | T. Young,BKN,23,12,11,0.522,256.0,109.9,101.0,8.9,0.519,2.06,16.6,0.268,0.786,0.523,0.109,0.499,0.539,92.9,0.535
K. Caldwell-Pope | A. Drummond | B. Jennings | G. Monroe | K. Singler,DET,24,12,12,0.5,254.0,102.9,97.5,5.4,0.582,1.42,16.9,0.316,0.776,0.542,0.165,0.496,0.52,96.88,0.512
T. Chandler | M. Ellis | J. Nelson | D. Nowitzki | C. Parsons,DAL,21,14,7,0.667,254.0,116.4,103.6,12.9,0.64,2.53,20.4,0.248,0.768,0.507,0.113,0.547,0.583,96.34,0.575
S. Adams | K. Durant | S. Ibaka | A. Roberson | R. Westbrook,OKC,23,15,8,0.652,249.0,109.8,96.4,13.4,0.611,1.54,18.3,0.313,0.819,0.576,0.165,0.527,0.57,97.86,0.577
J. Crawford | B. Griffin | D. Jordan | C. Paul | J. Redick,LAC,44,31,13,0.705,245.0,119.1,109.6,9.5,0.641,2.02,18.7,0.238,0.784,0.519,0.125,0.55,0.614,95.4,0.562
M. Gortat | N. Hilario | P. Pierce | G. Temple | J. Wall,WAS,20,12,8,0.6,242.0,96.6,89.1,7.5,0.692,1.47,19.0,0.229,0.779,0.506,0.176,0.484,0.521,97.76,0.595
E. Bledsoe | G. Dragic | M. Morris | M. Morris | M. Plumlee,PHX,26,17,9,0.654,237.0,107.1,102.9,4.2,0.543,1.37,18.1,0.21,0.71,0.486,0.174,0.567,0.592,96.47,0.536
T. Hansbrough | J. Johnson | P. Patterson | G. Vasquez | L. Williams,TOR,39,23,16,0.59,229.0,114.6,96.8,17.7,0.546,1.84,16.9,0.274,0.712,0.492,0.124,0.541,0.578,93.67,0.592
M. Barnes | J. Crawford | B. Griffin | D. Jordan | C. Paul,LAC,45,30,15,0.667,225.0,118.9,104.9,14.0,0.555,2.36,17.6,0.273,0.727,0.506,0.101,0.544,0.584,95.45,0.583
E. Fournier | C. Frye | T. Harris | V. Oladipo | N. Vucevic,ORL,21,8,13,0.381,211.0,98.9,108.0,-9.0,0.543,1.38,16.7,0.148,0.782,0.458,0.155,0.517,0.543,94.38,0.43
O. Asik | D. Cunningham | A. Davis | T. Evans | E. Gordon,NOP,20,12,8,0.6,210.0,108.4,97.0,11.4,0.617,1.8,19.0,0.32,0.814,0.569,0.149,0.515,0.545,91.94,0.573
O. Asik | L. Babbitt | A. Davis | T. Evans | J. Holiday,NOP,16,9,7,0.563,201.0,100.8,100.9,-0.1,0.612,1.53,18.0,0.276,0.846,0.548,0.163,0.496,0.521,97.36,0.493
H. Barnes | S. Curry | D. Green | M. Speights | K. Thompson,GSW,36,28,8,0.778,201.0,117.5,98.4,19.1,0.658,2.47,21.4,0.239,0.722,0.484,0.122,0.572,0.598,105.16,0.593
M. Barnes | S. Hawes | D. Jordan | C. Paul | J. Redick,LAC,17,11,6,0.647,199.0,113.3,100.7,12.6,0.69,2.23,21.5,0.222,0.764,0.516,0.135,0.574,0.592,95.85,0.563
L. Aldridge | N. Batum | C. Kaman | D. Lillard | W. Matthews,POR,20,11,9,0.55,190.0,100.3,104.6,-4.3,0.613,1.74,17.4,0.242,0.717,0.471,0.136,0.476,0.509,93.06,0.474
D. Exum | D. Favors | R. Gobert | G. Hayward | J. Ingles,UTA,31,15,16,0.484,187.0,97.4,96.9,0.5,0.595,1.07,15.8,0.311,0.819,0.562,0.2,0.481,0.515,89.89,0.495
K. Caldwell-Pope | A. Drummond | B. Jennings | K. Singler | J. Smith,DET,16,2,14,0.125,185.0,96.4,107.0,-10.6,0.66,1.7,18.0,0.299,0.723,0.495,0.149,0.454,0.478,99.02,0.433
A. Bogut | S. Curry | D. Green | A. Iguodala | K. Thompson,GSW,50,43,7,0.86,181.0,122.6,94.3,28.3,0.619,2.04,19.5,0.292,0.743,0.518,0.135,0.576,0.615,101.13,0.626
D. Dedmon | T. Harris | V. Oladipo | E. Payton | N. Vucevic,ORL,17,3,14,0.176,180.0,97.2,103.6,-6.4,0.604,1.58,18.0,0.306,0.75,0.518,0.159,0.465,0.493,95.19,0.47
B. Bogdanovic | K. Garnett | J. Johnson | B. Lopez | D. Williams,BKN,14,6,8,0.429,179.0,105.7,102.2,3.6,0.571,1.65,18.4,0.185,0.772,0.478,0.148,0.532,0.568,92.84,0.519
L. Deng | G. Dragic | U. Haslem | D. Wade | H. Whiteside,MIA,16,9,7,0.563,179.0,108.1,110.0,-1.9,0.493,2.03,15.9,0.274,0.734,0.505,0.105,0.498,0.53,91.95,0.508
M. Gasol | J. Green | C. Lee | Z. Randolph | B. Udrih,MEM,20,13,7,0.65,178.0,106.3,110.9,-4.6,0.573,1.48,18.4,0.265,0.801,0.538,0.168,0.54,0.568,91.55,0.508
T. Ariza | P. Beverley | J. Dorsey | J. Harden | D. Motiejunas,HOU,19,13,6,0.684,174.0,102.0,98.7,3.3,0.612,1.26,16.8,0.297,0.797,0.528,0.18,0.497,0.538,98.39,0.498
C. Butler | K. Caldwell-Pope | A. Drummond | R. Jackson | A. Tolliver,DET,18,9,9,0.5,173.0,126.5,112.1,14.3,0.656,2.74,22.8,0.263,0.752,0.515,0.119,0.631,0.64,90.33,0.541
O. Asik | A. Davis | T. Evans | E. Gordon | J. Holiday,NOP,13,7,6,0.538,171.0,109.8,98.5,11.3,0.623,2.33,19.4,0.271,0.793,0.528,0.116,0.511,0.544,94.77,0.558
E. Bledsoe | G. Dragic | M. Morris | M. Plumlee | P. Tucker,PHX,27,16,11,0.593,163.0,102.8,97.6,5.2,0.532,1.24,14.9,0.301,0.752,0.519,0.161,0.476,0.522,97.74,0.527
A. Bradley | J. Green | K. Olynyk | R. Rondo | J. Sullinger,BOS,19,6,13,0.316,161.0,108.7,105.7,3.0,0.618,2.24,19.5,0.248,0.784,0.497,0.12,0.523,0.547,101.83,0.507
D. Exum | D. Favors | R. Gobert | G. Hayward | R. Hood,UTA,16,9,7,0.563,161.0,103.4,92.6,10.8,0.647,1.88,19.0,0.279,0.807,0.552,0.141,0.5,0.52,87.9,0.58
L. Amundson | C. Anthony | J. Calderon | L. Galloway | J. Smith,NYK,9,5,4,0.556,159.0,109.9,104.0,5.9,0.637,2.97,20.3,0.247,0.718,0.473,0.097,0.517,0.533,90.38,0.521
T. Ariza | P. Beverley | J. Harden | T. Jones | D. Motiejunas,HOU,14,10,4,0.714,157.0,106.8,105.9,0.9,0.584,1.46,17.5,0.235,0.701,0.467,0.16,0.526,0.566,96.02,0.5
B. Diaw | T. Duncan | M. Ginobili | K. Leonard | T. Parker,SAS,39,27,12,0.692,156.0,97.4,105.1,-7.8,0.736,1.88,19.5,0.133,0.774,0.456,0.136,0.484,0.529,96.68,0.46
G. Henderson | A. Jefferson | L. Stephenson | K. Walker | C. Zeller,CHA,22,5,17,0.227,155.0,93.3,102.1,-8.8,0.585,2.03,17.1,0.159,0.843,0.478,0.109,0.446,0.484,96.37,0.436
E. Fournier | C. Frye | T. Harris | E. Payton | N. Vucevic,ORL,16,6,10,0.375,153.0,98.4,107.9,-9.5,0.582,1.37,17.6,0.216,0.76,0.479,0.172,0.516,0.533,95.0,0.44
M. Carter-Williams | R. Covington | L. Mbah | K. McDaniels | N. Noel,PHI,19,9,10,0.474,152.0,101.0,86.0,14.9,0.591,1.76,16.3,0.297,0.673,0.484,0.128,0.457,0.49,93.67,0.589
T. Harris | K. O'Quinn | V. Oladipo | E. Payton | N. Vucevic,ORL,14,3,11,0.214,152.0,95.3,102.3,-7.1,0.647,2.2,19.7,0.152,0.721,0.434,0.119,0.479,0.5,93.63,0.475
G. Dieng | Z. LaVine | S. Muhammad | A. Wiggins | T. Young,MIN,16,1,15,0.063,151.0,101.0,118.5,-17.5,0.664,1.72,19.4,0.283,0.647,0.457,0.156,0.489,0.524,95.71,0.423
A. Brooks | M. Dunleavy | P. Gasol | J. Noah | T. Snell,CHI,11,4,7,0.364,149.0,98.1,106.0,-7.9,0.654,1.94,18.0,0.224,0.819,0.516,0.126,0.462,0.497,94.26,0.43
D. Augustin | K. Caldwell-Pope | A. Drummond | G. Monroe | K. Singler,DET,12,4,8,0.333,146.0,101.2,110.3,-9.1,0.664,1.83,19.1,0.267,0.758,0.502,0.146,0.49,0.515,91.74,0.463
B. Biyombo | G. Henderson | M. Kidd-Gilchrist | K. Walker | C. Zeller,CHA,10,6,4,0.6,146.0,90.6,90.3,0.2,0.684,1.16,17.0,0.323,0.808,0.582,0.202,0.432,0.481,94.53,0.538
D. DeRozan | A. Johnson | K. Lowry | J. Valanciunas | G. Vasquez,TOR,18,11,7,0.611,146.0,96.0,105.1,-9.2,0.554,1.06,15.6,0.311,0.724,0.518,0.199,0.478,0.509,88.8,0.409
G. Henderson | A. Jefferson | M. Kidd-Gilchrist | M. Williams | C. Zeller,CHA,10,6,4,0.6,146.0,106.7,104.1,2.6,0.685,2.3,21.3,0.208,0.829,0.53,0.129,0.519,0.553,96.08,0.526
A. Bradley | J. Green | R. Rondo | J. Sullinger | T. Zeller,BOS,16,5,11,0.313,145.0,106.3,98.5,7.8,0.627,1.91,20.5,0.171,0.778,0.514,0.144,0.561,0.579,101.27,0.546
C. Brewer | G. Dieng | Z. LaVine | A. Wiggins | T. Young,MIN,10,1,9,0.1,145.0,90.8,104.3,-13.5,0.569,1.35,15.1,0.263,0.712,0.471,0.148,0.426,0.465,95.14,0.419
I. Mahinmi | D. Rudez | L. Scola | R. Stuckey | C. Watson,IND,21,11,10,0.524,142.0,97.9,99.6,-1.7,0.587,1.24,16.6,0.186,0.748,0.49,0.172,0.502,0.541,96.34,0.49
M. Bonner | T. Duncan | D. Green | K. Leonard | T. Parker,SAS,21,16,5,0.762,141.0,107.9,98.9,9.0,0.525,1.75,17.3,0.13,0.822,0.496,0.126,0.553,0.583,96.14,0.538
C. Bosh | N. Cole | L. Deng | D. Wade | S. Williams,MIA,10,6,4,0.6,139.0,110.7,111.0,-0.3,0.645,2.73,19.9,0.186,0.708,0.447,0.098,0.531,0.564,91.36,0.508
T. Chandler | M. Ellis | D. Harris | D. Nowitzki | C. Parsons,DAL,32,20,12,0.625,138.0,118.4,107.4,11.0,0.582,2.03,18.5,0.279,0.754,0.508,0.125,0.551,0.594,97.62,0.565
C. Frye | T. Harris | V. Oladipo | E. Payton | N. Vucevic,ORL,17,3,14,0.176,138.0,97.5,119.0,-21.6,0.562,1.69,16.1,0.231,0.702,0.44,0.127,0.46,0.491,94.33,0.388
G. Antetokounmpo | B. Knight | O. Mayo | J. Parker | L. Sanders,MIL,15,7,8,0.467,137.0,99.1,106.1,-7.0,0.6,1.31,16.7,0.289,0.686,0.485,0.172,0.47,0.52,99.98,0.447
G. Henderson | A. Jefferson | L. Stephenson | K. Walker | M. Williams,CHA,21,5,16,0.238,137.0,94.9,102.4,-7.5,0.554,2.43,16.6,0.112,0.828,0.444,0.087,0.46,0.489,92.72,0.44
B. Bogdanovic | J. Johnson | B. Lopez | D. Williams | T. Young,BKN,20,10,10,0.5,135.0,103.7,115.8,-12.0,0.568,2.1,16.7,0.261,0.688,0.452,0.108,0.469,0.508,98.25,0.429
C. Copeland | R. Hibbert | S. Hill | L. Scola | D. Sloan,IND,11,4,7,0.364,135.0,102.4,101.1,1.3,0.485,1.25,14.7,0.284,0.789,0.56,0.153,0.496,0.534,92.76,0.519
E. Bledsoe | A. Len | M. Morris | M. Morris | P. Tucker,PHX,14,4,10,0.286,133.0,111.0,114.2,-3.3,0.522,1.5,17.1,0.25,0.708,0.487,0.153,0.557,0.581,95.32,0.476
T. Black | J. Clarkson | W. Ellington | J. Hill | W. Johnson,LAL,7,2,5,0.286,132.0,101.9,90.5,11.4,0.534,1.57,15.8,0.336,0.904,0.608,0.14,0.467,0.496,91.79,0.53
J. Butler | P. Gasol | T. Gibson | K. Hinrich | D. Rose,CHI,20,10,10,0.5,132.0,109.3,102.3,7.0,0.524,1.67,16.0,0.239,0.728,0.51,0.125,0.518,0.562,95.74,0.541
C. Frye | D. Marble | V. Oladipo | E. Payton | N. Vucevic,ORL,8,2,6,0.25,132.0,106.8,108.0,-1.2,0.565,1.84,18.2,0.227,0.783,0.479,0.133,0.535,0.551,104.07,0.466
T. Hansbrough | P. Patterson | T. Ross | G. Vasquez | L. Williams,TOR,24,16,8,0.667,132.0,120.0,103.6,16.4,0.49,2.08,15.4,0.281,0.673,0.465,0.1,0.541,0.576,90.02,0.525
S. Adams | S. Ibaka | P. Jones | A. Roberson | R. Westbrook,OKC,15,8,7,0.533,131.0,105.1,99.0,6.1,0.52,1.39,15.2,0.284,0.767,0.542,0.145,0.484,0.536,96.96,0.521
R. Butler | K. Humphries | A. Miller | O. Porter | K. Seraphin,WAS,19,12,7,0.632,131.0,106.3,109.5,-3.2,0.67,2.28,21.1,0.358,0.724,0.537,0.137,0.493,0.516,87.3,0.503
E. Bledsoe | M. Morris | M. Morris | P. Tucker | B. Wright,PHX,13,6,7,0.462,130.0,94.9,96.5,-1.6,0.57,1.63,16.7,0.207,0.809,0.5,0.135,0.456,0.493,94.19,0.514
T. Burke | D. Favors | R. Gobert | G. Hayward | J. Ingles,UTA,26,13,13,0.5,128.0,104.7,89.8,14.9,0.552,1.07,16.9,0.296,0.779,0.564,0.21,0.546,0.58,94.33,0.626
C. Boozer | W. Ellington | J. Lin | R. Sacre | N. Young,LAL,16,6,10,0.375,127.0,107.5,100.4,7.1,0.544,1.93,17.2,0.179,0.774,0.48,0.116,0.528,0.558,96.35,0.516
S. Curry | D. Green | A. Iguodala | M. Speights | K. Thompson,GSW,43,36,7,0.837,127.0,124.4,97.0,27.4,0.69,3.35,22.3,0.227,0.718,0.48,0.093,0.587,0.624,104.18,0.68
J. Butler | M. Dunleavy | P. Gasol | T. Gibson | D. Rose,CHI,14,12,2,0.857,126.0,101.6,98.4,3.2,0.65,1.63,18.8,0.272,0.742,0.521,0.159,0.495,0.528,96.07,0.563
A. Afflalo | W. Chandler | J. Hickson | T. Lawson | T. Mozgov,DEN,19,8,11,0.421,125.0,99.2,111.2,-12.0,0.573,1.67,16.1,0.32,0.739,0.517,0.134,0.452,0.482,93.59,0.421
K. Martin | N. Pekovic | R. Rubio | A. Wiggins | T. Young,MIN,8,3,5,0.375,125.0,107.8,97.7,10.1,0.594,1.75,18.1,0.262,0.774,0.527,0.14,0.511,0.557,97.26,0.558
G. Antetokounmpo | J. Dudley | J. Henson | B. Knight | K. Middleton,MIL,18,13,5,0.722,124.0,111.2,98.3,12.9,0.657,1.97,20.6,0.302,0.69,0.502,0.149,0.537,0.565,95.27,0.605
O. Asik | D. Cunningham | T. Evans | E. Gordon | Q. Pondexter,NOP,14,9,5,0.643,124.0,97.1,99.1,-2.0,0.678,1.55,18.4,0.239,0.817,0.528,0.162,0.485,0.512,90.75,0.512
J. Butler | P. Gasol | K. Hinrich | J. Noah | D. Rose,CHI,15,7,8,0.467,124.0,88.7,94.8,-6.1,0.512,1.0,12.5,0.265,0.717,0.502,0.162,0.398,0.456,100.88,0.463
T. Burke | D. Favors | G. Hayward | J. Ingles | E. Kanter,UTA,28,11,17,0.393,123.0,98.3,115.3,-17.0,0.573,1.72,16.5,0.25,0.787,0.486,0.129,0.466,0.495,96.39,0.42
R. Hibbert | G. Hill | C. Miles | R. Stuckey | D. West,IND,22,16,6,0.727,123.0,110.6,94.8,15.8,0.584,1.69,17.9,0.238,0.795,0.537,0.142,0.534,0.576,96.3,0.6
A. Baynes | T. Duncan | D. Green | K. Leonard | T. Parker,SAS,16,8,8,0.5,122.0,95.0,94.1,0.8,0.628,1.97,18.3,0.209,0.718,0.458,0.125,0.449,0.487,97.41,0.519
T. Chandler | M. Ellis | R. Jefferson | D. Nowitzki | R. Rondo,DAL,14,10,4,0.714,122.0,108.8,93.2,15.6,0.592,1.71,17.9,0.173,0.765,0.484,0.137,0.537,0.582,98.52,0.592
A. Brooks | J. Butler | M. Dunleavy | P. Gasol | J. Noah,CHI,13,8,5,0.615,121.0,97.4,103.4,-6.0,0.721,2.14,19.4,0.263,0.709,0.478,0.128,0.456,0.483,89.39,0.493
J. Butler | P. Gasol | J. Noah | D. Rose | T. Snell,CHI,14,7,7,0.5,121.0,111.4,101.9,9.6,0.611,2.0,19.4,0.234,0.781,0.5,0.133,0.543,0.573,98.26,0.547
K. Garnett | J. Jack | J. Johnson | S. Karasev | M. Plumlee,BKN,10,5,5,0.5,121.0,106.8,107.5,-0.6,0.616,1.49,19.1,0.253,0.703,0.5,0.175,0.543,0.579,92.43,0.508
P. Antic | D. Carroll | K. Korver | P. Millsap | J. Teague,ATL,29,26,3,0.897,120.0,106.6,95.6,11.0,0.596,2.07,17.2,0.124,0.76,0.416,0.105,0.526,0.561,101.15,0.567
K. Bazemore | A. Horford | K. Korver | D. Schroder | M. Scott,ATL,28,21,7,0.75,120.0,96.4,110.3,-13.9,0.798,2.22,22.1,0.123,0.622,0.387,0.135,0.495,0.524,93.64,0.446
L. Amundson | A. Bargnani | L. Galloway | S. Larkin | L. Thomas,NYK,12,3,9,0.25,119.0,87.1,108.4,-21.3,0.564,1.42,15.3,0.198,0.76,0.458,0.141,0.424,0.452,89.45,0.338
J. Butler | M. Dunleavy | P. Gasol | K. Hinrich | J. Noah,CHI,10,7,3,0.7,119.0,95.8,105.3,-9.5,0.619,1.49,16.3,0.239,0.733,0.476,0.145,0.445,0.498,96.61,0.453
C. Andersen | C. Bosh | M. Chalmers | L. Deng | D. Wade,MIA,10,5,5,0.5,118.0,96.7,102.2,-5.4,0.667,1.33,18.7,0.209,0.77,0.503,0.187,0.492,0.539,92.79,0.503
B. Biyombo | G. Henderson | J. Taylor | K. Walker | M. Williams,CHA,11,3,8,0.273,118.0,82.6,100.8,-18.2,0.474,1.2,13.0,0.168,0.755,0.435,0.135,0.415,0.435,91.57,0.349
K. Caldwell-Pope | A. Drummond | B. Jennings | G. Monroe | J. Smith,DET,12,4,8,0.333,118.0,98.2,105.3,-7.1,0.459,1.05,12.9,0.336,0.78,0.539,0.165,0.455,0.484,90.89,0.403
A. Johnson | J. Johnson | K. Lowry | T. Ross | J. Valanciunas,TOR,15,8,7,0.533,118.0,109.7,105.7,4.1,0.529,1.93,16.6,0.351,0.682,0.529,0.121,0.491,0.524,94.71,0.537
C. Butler | K. Caldwell-Pope | A. Drummond | R. Jackson | G. Monroe,DET,9,3,6,0.333,117.0,104.8,110.0,-5.2,0.535,1.74,16.9,0.324,0.758,0.531,0.135,0.502,0.515,94.51,0.464
E. Davis | W. Ellington | J. Hill | W. Johnson | J. Lin,LAL,11,2,9,0.182,117.0,102.9,99.3,3.6,0.544,1.6,17.6,0.26,0.81,0.556,0.148,0.517,0.535,96.29,0.542
G. Henderson | A. Jefferson | M. Kidd-Gilchrist | K. Walker | C. Zeller,CHA,13,6,7,0.462,117.0,104.0,102.1,1.9,0.656,2.35,18.4,0.313,0.813,0.521,0.111,0.447,0.501,96.42,0.505
G. Henderson | A. Jefferson | M. Kidd-Gilchrist | M. Williams | M. Williams,CHA,12,5,7,0.417,117.0,112.6,93.3,19.3,0.641,3.0,21.2,0.153,0.876,0.527,0.096,0.552,0.581,94.14,0.62
L. Fields | A. Johnson | K. Lowry | T. Ross | J. Valanciunas,TOR,9,5,4,0.556,116.0,99.5,108.0,-8.5,0.638,1.67,19.3,0.214,0.76,0.495,0.157,0.507,0.532,95.22,0.464
G. Henderson | A. Jefferson | M. Kidd-Gilchrist | K. Walker | M. Williams,CHA,16,8,8,0.5,116.0,98.0,95.9,2.1,0.515,1.63,16.6,0.183,0.867,0.526,0.132,0.491,0.518,99.38,0.503
S. Adams | S. Ibaka | R. Jackson | J. Lamb | L. Thomas,OKC,8,2,6,0.25,115.0,97.7,104.2,-6.5,0.524,1.34,14.9,0.248,0.735,0.483,0.146,0.461,0.5,91.49,0.436
T. Black | J. Clarkson | W. Johnson | R. Kelly | J. Lin,LAL,7,1,6,0.143,114.0,112.7,115.3,-2.6,0.559,2.17,17.5,0.265,0.816,0.519,0.11,0.52,0.556,91.61,0.464
E. Fournier | T. Harris | V. Oladipo | E. Payton | N. Vucevic,ORL,20,7,13,0.35,114.0,112.1,114.5,-2.4,0.554,1.65,17.0,0.283,0.781,0.52,0.14,0.536,0.57,100.84,0.471
D. Collison | R. Evans | R. Gay | B. McLemore | J. Thompson,SAC,11,4,7,0.364,113.0,98.2,107.0,-8.8,0.519,1.02,14.7,0.27,0.703,0.489,0.186,0.489,0.532,94.13,0.421
K. Irving | L. James | K. Love | S. Marion | T. Thompson,CLE,26,18,8,0.692,112.0,123.5,95.3,28.2,0.55,2.62,17.8,0.333,0.831,0.585,0.093,0.542,0.596,95.87,0.645
T. Allen | M. Conley | M. Gasol | J. Green | Z. Randolph,MEM,22,15,7,0.682,109.0,114.5,87.9,26.7,0.494,1.35,15.7,0.295,0.828,0.593,0.154,0.548,0.596,90.16,0.646
E. Bledsoe | B. Knight | A. Len | M. Morris | P. Tucker,PHX,9,4,5,0.444,107.0,99.8,100.5,-0.6,0.522,1.04,16.0,0.228,0.773,0.525,0.199,0.527,0.558,101.51,0.514
T. Booker | D. Exum | R. Gobert | G. Hayward | J. Ingles,UTA,38,18,20,0.474,107.0,97.0,90.3,6.6,0.597,1.08,15.3,0.31,0.796,0.551,0.194,0.465,0.507,91.75,0.541
A. Jefferson | M. Kidd-Gilchrist | L. Stephenson | K. Walker | M. Williams,CHA,12,3,9,0.25,107.0,86.0,111.2,-25.1,0.581,1.3,15.6,0.202,0.831,0.497,0.154,0.435,0.46,95.41,0.362
R. Anderson | A. Davis | T. Evans | E. Gordon | J. Holiday,NOP,15,7,8,0.467,106.0,118.5,115.3,3.1,0.547,2.26,17.5,0.287,0.663,0.46,0.106,0.538,0.576,97.46,0.501
T. Black | J. Clarkson | W. Ellington | R. Kelly | R. Sacre,LAL,7,0,7,0.0,106.0,105.0,120.0,-15.0,0.544,1.95,16.0,0.277,0.726,0.489,0.11,0.481,0.514,89.95,0.394
S. Adams | E. Kanter | A. Roberson | D. Waiters | R. Westbrook,OKC,9,6,3,0.667,105.0,110.6,106.5,4.1,0.389,1.17,12.2,0.408,0.77,0.574,0.142,0.495,0.523,95.32,0.508
D. Carroll | A. Horford | K. Korver | P. Millsap | D. Schroder,ATL,13,11,2,0.846,104.0,113.7,105.1,8.6,0.702,2.13,23.0,0.173,0.756,0.491,0.149,0.602,0.622,95.11,0.564
G. Dieng | R. Hummel | A. Wiggins | M. Williams | T. Young,MIN,8,2,6,0.25,104.0,108.7,107.3,1.4,0.627,1.93,18.6,0.329,0.77,0.552,0.135,0.494,0.541,92.48,0.526
H. Barnes | S. Curry | D. Green | A. Iguodala | K. Thompson,GSW,37,29,8,0.784,102.0,113.6,91.9,21.8,0.5,1.24,14.4,0.24,0.713,0.505,0.15,0.539,0.597,108.55,0.651
M. Carter-Williams | R. Covington | L. Mbah | N. Noel | H. Thompson,PHI,12,3,9,0.25,102.0,93.9,101.5,-7.6,0.761,1.26,19.0,0.221,0.724,0.462,0.205,0.494,0.525,99.03,0.434
D. DeRozan | A. Johnson | T. Ross | J. Valanciunas | G. Vasquez,TOR,13,7,6,0.538,102.0,100.0,102.6,-2.7,0.693,2.0,20.5,0.152,0.747,0.464,0.137,0.512,0.54,90.52,0.496
C. Boozer | J. Clarkson | W. Ellington | R. Kelly | R. Sacre,LAL,9,3,6,0.333,101.0,90.8,110.5,-19.7,0.566,1.79,16.7,0.106,0.779,0.428,0.117,0.46,0.487,97.12,0.383
S. Adams | E. Kanter | K. Singler | D. Waiters | R. Westbrook,OKC,10,4,6,0.4,100.0,100.1,107.5,-7.4,0.427,1.15,14.1,0.302,0.872,0.573,0.16,0.511,0.518,97.75,0.43
T. Ariza | P. Beverley | J. Harden | D. Motiejunas | J. Smith,HOU,30,21,9,0.7,100.0,110.8,115.2,-4.3,0.613,1.88,18.0,0.222,0.718,0.441,0.128,0.529,0.571,98.96,0.45
L. Amundson | A. Bargnani | L. Galloway | A. Shved | L. Thomas,NYK,8,2,6,0.25,99.0,87.7,97.2,-9.5,0.606,1.59,15.9,0.262,0.78,0.492,0.135,0.409,0.438,97.59,0.427
G. Antetokounmpo | B. Knight | K. Middleton | J. O'Bryant | Z. Pachulia,MIL,10,6,4,0.6,99.0,94.7,93.4,1.3,0.707,1.56,19.2,0.308,0.707,0.508,0.174,0.46,0.488,93.13,0.532
H. Barnes | S. Curry | F. Ezeli | D. Green | K. Thompson,GSW,14,12,2,0.857,99.0,102.1,93.7,8.4,0.513,1.6,15.2,0.265,0.757,0.517,0.127,0.475,0.508,97.91,0.518
A. Brooks | J. Butler | M. Dunleavy | P. Gasol | T. Gibson,CHI,20,13,7,0.65,99.0,115.2,106.0,9.2,0.622,2.68,19.4,0.228,0.742,0.506,0.098,0.536,0.579,93.45,0.583
M. Carter-Williams | R. Covington | L. Mbah | N. Noel | J. Sampson,PHI,9,5,4,0.556,99.0,95.2,103.6,-8.4,0.729,1.27,18.6,0.2,0.775,0.486,0.194,0.5,0.533,99.8,0.464
K. Caldwell-Pope | A. Drummond | R. Jackson | G. Monroe | T. Prince,DET,9,0,9,0.0,98.0,93.8,107.9,-14.1,0.487,1.03,14.0,0.358,0.759,0.549,0.187,0.459,0.474,93.01,0.408
T. Burke | D. Favors | G. Hayward | R. Hood | E. Kanter,UTA,16,7,9,0.438,96.0,102.3,96.8,5.5,0.606,2.05,16.8,0.29,0.719,0.5,0.113,0.446,0.496,92.31,0.542
L. Aldridge | N. Batum | S. Blake | C. Kaman | D. Lillard,POR,27,16,11,0.593,95.0,104.8,110.3,-5.5,0.641,1.43,19.1,0.293,0.694,0.497,0.186,0.522,0.557,95.41,0.482
D. Collison | R. Gay | R. Hollins | B. McLemore | J. Thompson,SAC,9,1,8,0.111,95.0,101.5,107.0,-5.5,0.539,1.32,16.8,0.215,0.795,0.503,0.166,0.523,0.549,96.2,0.465
T. Booker | D. Exum | R. Gobert | G. Hayward | R. Hood,UTA,29,14,15,0.483,94.0,97.3,96.2,1.1,0.583,0.95,14.2,0.28,0.783,0.533,0.197,0.46,0.526,95.08,0.518
E. Davis | W. Ellington | J. Hill | W. Johnson | R. Price,LAL,9,4,5,0.444,94.0,100.9,107.8,-6.9,0.622,1.84,17.9,0.267,0.726,0.494,0.133,0.476,0.51,95.48,0.48
T. Ariza | P. Beverley | J. Harden | D. Howard | J. Smith,HOU,12,7,5,0.583,93.0,95.9,114.5,-18.6,0.591,1.08,15.6,0.279,0.671,0.459,0.192,0.478,0.513,95.75,0.369
L. Barbosa | H. Barnes | A. Iguodala | S. Livingston | M. Speights,GSW,24,22,2,0.917,93.0,97.3,99.6,-2.2,0.677,1.57,17.7,0.224,0.671,0.439,0.151,0.45,0.511,99.51,0.476
T. Allen | M. Gasol | C. Lee | Z. Randolph | B. Udrih,MEM,22,15,7,0.682,90.0,101.4,93.2,8.2,0.69,1.75,19.6,0.26,0.806,0.559,0.155,0.49,0.53,96.91,0.583
B. Bass | A. Bradley | J. Crowder | J. Sullinger | E. Turner,BOS,13,6,7,0.462,90.0,86.5,104.9,-18.4,0.485,1.1,13.6,0.226,0.824,0.491,0.159,0.439,0.452,97.41,0.349
A. Bradley | J. Green | J. Sullinger | E. Turner | T. Zeller,BOS,9,5,4,0.556,90.0,99.1,101.4,-2.3,0.623,2.09,19.3,0.228,0.736,0.494,0.126,0.482,0.509,97.43,0.497
R. Hibbert | G. Hill | S. Hill | R. Stuckey | D. West,IND,17,10,7,0.588,89.0,95.7,107.4,-11.7,0.59,2.12,16.6,0.191,0.765,0.439,0.104,0.449,0.479,88.83,0.399
A. Horford | K. Korver | P. Millsap | T. Sefolosha | J. Teague,ATL,19,15,4,0.789,88.0,118.9,109.0,9.9,0.603,1.81,20.2,0.261,0.743,0.51,0.155,0.595,0.625,92.68,0.531
T. Allen | M. Conley | M. Gasol | T. Prince | Z. Randolph,MEM,10,8,2,0.8,87.0,103.0,90.0,13.1,0.55,2.36,14.9,0.272,0.81,0.52,0.085,0.422,0.483,92.03,0.571
D. Cousins | R. Gay | R. McCallum | B. McLemore | J. Thompson,SAC,13,4,9,0.308,87.0,97.9,98.3,-0.5,0.577,1.64,16.1,0.301,0.8,0.538,0.132,0.447,0.489,100.47,0.531
S. Ibaka | E. Kanter | A. Roberson | K. Singler | R. Westbrook,OKC,8,5,3,0.625,87.0,105.5,113.4,-7.9,0.568,1.45,16.7,0.316,0.793,0.559,0.157,0.475,0.539,100.59,0.478
K. Irving | L. James | K. Love | J. Smith | T. Thompson,CLE,28,24,4,0.857,87.0,109.7,101.8,7.9,0.469,1.88,13.3,0.247,0.713,0.478,0.091,0.477,0.536,93.82,0.565
C. Bosh | M. Chalmers | L. Deng | S. Napier | H. Whiteside,MIA,8,4,4,0.5,86.0,101.9,105.0,-3.2,0.627,1.45,18.0,0.312,0.779,0.545,0.173,0.487,0.525,94.84,0.502
A. Gordon | T. Harris | V. Oladipo | E. Payton | N. Vucevic,ORL,14,3,11,0.214,86.0,96.0,102.4,-6.5,0.574,1.77,16.3,0.311,0.792,0.533,0.128,0.446,0.464,96.21,0.447
T. Ariza | J. Harden | D. Howard | T. Jones | J. Terry,HOU,10,8,2,0.8,85.0,117.1,101.8,15.4,0.642,1.54,19.2,0.222,0.734,0.507,0.167,0.588,0.639,95.18,0.581
D. DeRozan | A. Johnson | J. Johnson | K. Lowry | J. Valanciunas,TOR,12,7,5,0.583,85.0,96.5,85.6,10.9,0.508,1.03,15.1,0.257,0.699,0.49,0.193,0.489,0.523,94.84,0.553
G. Henderson | A. Jefferson | M. Kidd-Gilchrist | B. Roberts | C. Zeller,CHA,7,5,2,0.714,84.0,102.8,96.1,6.8,0.662,2.81,19.7,0.224,0.772,0.503,0.096,0.467,0.511,94.43,0.581
K. Irving | L. James | K. Love | A. Varejao | D. Waiters,CLE,16,11,5,0.688,84.0,101.1,110.5,-9.4,0.672,1.13,18.9,0.217,0.72,0.479,0.225,0.549,0.585,95.01,0.445
O. Casspi | D. Cousins | R. Gay | R. McCallum | B. McLemore,SAC,11,5,6,0.455,83.0,104.0,110.4,-6.4,0.574,1.56,16.5,0.238,0.743,0.481,0.141,0.487,0.538,101.54,0.469
E. Fournier | C. Frye | T. Harris | K. O'Quinn | V. Oladipo,ORL,13,4,9,0.308,83.0,116.5,100.7,15.8,0.52,1.86,18.5,0.203,0.8,0.527,0.132,0.599,0.617,91.88,0.548
D. DeRozan | K. Lowry | P. Patterson | J. Valanciunas | L. Williams,TOR,25,17,8,0.68,81.0,95.8,99.2,-3.4,0.534,1.63,13.9,0.207,0.725,0.455,0.11,0.418,0.482,100.17,0.468
A. Johnson | K. Lowry | T. Ross | J. Valanciunas | G. Vasquez,TOR,14,8,6,0.571,81.0,117.7,120.4,-2.8,0.589,2.53,20.0,0.175,0.766,0.472,0.105,0.577,0.611,96.22,0.489
D. Augustin | C. Butler | A. Drummond | J. Jerebko | J. Meeks,DET,14,9,5,0.643,80.0,113.0,106.8,6.2,0.662,2.14,20.7,0.229,0.794,0.496,0.134,0.558,0.584,94.52,0.539
B. Beal | D. Gooden | M. Gortat | O. Porter | J. Wall,WAS,10,7,3,0.7,80.0,101.6,85.0,16.7,0.701,2.24,21.3,0.262,0.836,0.565,0.134,0.5,0.521,93.89,0.633
A. Bradley | J. Crowder | J. Sullinger | E. Turner | T. Zeller,BOS,10,2,8,0.2,80.0,88.0,100.7,-12.8,0.559,1.1,15.5,0.253,0.694,0.488,0.187,0.45,0.472,96.65,0.392
T. Burke | D. Favors | R. Gobert | G. Hayward | E. Millsap,UTA,22,12,10,0.545,80.0,104.5,93.5,11.0,0.448,1.0,12.8,0.338,0.788,0.555,0.17,0.496,0.53,95.5,0.558
G. Dieng | S. Muhammad | A. Wiggins | M. Williams | T. Young,MIN,11,0,11,0.0,80.0,113.9,103.7,10.3,0.62,1.63,18.3,0.39,0.766,0.56,0.163,0.524,0.56,98.08,0.563
D. Exum | D. Favors | G. Hayward | J. Ingles | E. Kanter,UTA,12,3,9,0.25,79.0,113.9,98.6,15.4,0.493,2.0,17.6,0.224,0.791,0.528,0.116,0.561,0.586,88.2,0.589
A. Horford | K. Korver | D. Schroder | M. Scott | T. Sefolosha,ATL,23,19,4,0.826,79.0,123.5,81.5,42.0,0.803,3.8,25.6,0.222,0.7,0.49,0.099,0.597,0.622,91.43,0.736
K. Irving | K. Love | I. Shumpert | J. Smith | T. Thompson,CLE,26,24,2,0.923,78.0,103.2,100.1,3.2,0.519,1.42,13.0,0.37,0.679,0.527,0.126,0.418,0.481,94.36,0.518
A. Aminu | J. Juan | D. Harris | D. Nowitzki | B. Wright,DAL,16,11,5,0.688,77.0,127.7,101.7,26.0,0.625,3.85,22.6,0.306,0.72,0.533,0.086,0.586,0.614,94.59,0.652
A. Aminu | T. Chandler | M. Ellis | D. Harris | C. Parsons,DAL,26,16,10,0.615,77.0,113.8,90.8,22.9,0.588,2.35,17.7,0.254,0.671,0.473,0.101,0.531,0.565,103.25,0.666
A. Anderson | K. Garnett | J. Jack | J. Johnson | M. Plumlee,BKN,12,4,8,0.333,77.0,99.6,96.0,3.7,0.661,2.05,19.8,0.138,0.742,0.433,0.128,0.512,0.534,91.13,0.549
B. Bogdanovic | K. Garnett | J. Jack | J. Johnson | M. Plumlee,BKN,8,3,5,0.375,77.0,106.4,118.7,-12.3,0.657,1.76,21.7,0.222,0.712,0.462,0.17,0.565,0.583,91.38,0.45
C. Boozer | E. Davis | W. Johnson | J. Lin | N. Young,LAL,6,0,6,0.0,77.0,89.6,117.1,-27.5,0.481,1.08,12.0,0.351,0.868,0.537,0.152,0.377,0.424,96.57,0.304
C. Brewer | J. Harden | T. Jones | J. Smith | J. Terry,HOU,21,15,6,0.714,77.0,109.4,86.1,23.4,0.582,1.56,17.5,0.179,0.722,0.49,0.146,0.543,0.592,106.22,0.701
D. Collison | D. Cousins | R. Gay | B. McLemore | D. Williams,SAC,18,7,11,0.389,77.0,116.0,111.7,4.2,0.609,1.18,18.6,0.176,0.743,0.504,0.204,0.607,0.681,101.78,0.527
M. Carter-Williams | L. Mbah | N. Noel | H. Sims | H. Thompson,PHI,7,2,5,0.286,75.0,80.0,94.8,-14.7,0.692,0.97,18.1,0.129,0.841,0.504,0.239,0.479,0.492,99.01,0.441
R. Hibbert | S. Hill | C. Miles | C. Watson | D. West,IND,19,7,12,0.368,75.0,107.9,99.2,8.7,0.606,1.6,19.2,0.323,0.737,0.551,0.169,0.53,0.559,95.84,0.563
K. Irving | L. James | T. Mozgov | J. Smith | T. Thompson,CLE,10,8,2,0.8,75.0,105.7,114.5,-8.8,0.6,1.44,18.7,0.219,0.679,0.476,0.174,0.564,0.577,97.07,0.453
A. Aminu | J. Juan | D. Harris | D. Nowitzki | A. Stoudemire,DAL,11,6,5,0.545,74.0,112.0,128.8,-16.8,0.492,1.76,16.3,0.25,0.732,0.491,0.121,0.533,0.572,88.73,0.451
A. Anderson | M. Brown | J. Johnson | M. Plumlee | D. Williams,BKN,8,4,4,0.5,74.0,102.0,100.1,1.9,0.435,1.13,14.1,0.176,0.672,0.417,0.157,0.526,0.554,99.64,0.472
J. Bayless | J. Dudley | J. Henson | O. Mayo | K. Middleton,MIL,20,16,4,0.8,74.0,104.2,86.0,18.2,0.81,1.42,22.8,0.096,0.747,0.48,0.214,0.594,0.636,100.34,0.669
A. Baynes | M. Belinelli | B. Diaw | M. Ginobili | C. Joseph,SAS,17,12,5,0.706,74.0,104.5,91.7,12.8,0.583,1.35,17.4,0.22,0.863,0.576,0.17,0.538,0.571,97.78,0.573
D. DeRozan | A. Johnson | K. Lowry | P. Patterson | L. Williams,TOR,19,12,7,0.632,74.0,113.1,108.8,4.4,0.429,1.71,11.9,0.338,0.597,0.471,0.09,0.474,0.534,98.92,0.516
P. Antic | K. Bazemore | D. Carroll | P. Millsap | J. Teague,ATL,28,21,7,0.75,73.0,93.7,100.2,-6.5,0.468,1.05,11.8,0.149,0.766,0.435,0.137,0.425,0.501,102.3,0.433
R. Anderson | O. Asik | D. Cunningham | T. Evans | E. Gordon,NOP,7,3,4,0.429,72.0,89.1,121.3,-32.2,0.596,1.17,15.2,0.261,0.828,0.52,0.174,0.442,0.466,89.71,0.323
R. Anderson | A. Davis | T. Evans | E. Gordon | Q. Pondexter,NOP,16,9,7,0.563,72.0,120.5,118.5,2.0,0.563,2.12,18.1,0.224,0.656,0.451,0.113,0.575,0.619,96.18,0.513
T. Ariza | T. Black | J. Harden | D. Motiejunas | J. Terry,HOU,12,8,4,0.667,72.0,118.0,96.0,22.0,0.563,1.24,17.8,0.35,0.778,0.583,0.199,0.6,0.624,97.81,0.586
T. Booker | T. Burke | R. Gobert | G. Hayward | E. Millsap,UTA,25,15,10,0.6,72.0,118.3,96.9,21.4,0.5,1.38,15.7,0.367,0.852,0.612,0.157,0.55,0.587,90.52,0.594
L. Deng | G. Dragic | D. Wade | H. Walker | H. Whiteside,MIA,10,4,6,0.4,72.0,103.8,108.7,-4.8,0.603,1.52,17.9,0.204,0.797,0.513,0.154,0.525,0.565,97.9,0.506
L. Barbosa | A. Iguodala | D. Lee | S. Livingston | M. Speights,GSW,13,10,3,0.769,71.0,114.7,88.3,26.4,0.672,1.88,22.2,0.288,0.723,0.53,0.168,0.577,0.612,99.72,0.654
B. Bass | A. Bradley | J. Crowder | E. Turner | T. Zeller,BOS,15,6,9,0.4,71.0,97.5,97.5,0.0,0.636,1.46,17.9,0.356,0.714,0.559,0.172,0.451,0.498,95.46,0.529
B. Beal | D. Gooden | M. Gortat | P. Pierce | J. Wall,WAS,13,12,1,0.923,71.0,107.6,94.0,13.6,0.517,2.38,17.1,0.242,0.71,0.489,0.096,0.516,0.53,93.09,0.585
C. Budinger | G. Dieng | A. Wiggins | M. Williams | T. Young,MIN,12,2,10,0.167,71.0,95.8,104.0,-8.2,0.643,1.38,18.3,0.227,0.643,0.441,0.178,0.468,0.518,97.81,0.494
B. Bass | A. Bradley | M. Smart | J. Sullinger | E. Turner,BOS,16,9,7,0.563,70.0,96.9,110.4,-13.5,0.706,2.0,19.3,0.197,0.833,0.515,0.131,0.472,0.503,91.85,0.461
T. Black | J. Brown | J. Clarkson | W. Johnson | R. Kelly,LAL,9,2,7,0.222,70.0,109.2,116.8,-7.6,0.61,2.0,19.3,0.148,0.745,0.42,0.128,0.564,0.583,95.41,0.456
B. Bogdanovic | J. Jack | J. Johnson | B. Lopez | M. Plumlee,BKN,14,4,10,0.286,70.0,102.0,125.8,-23.8,0.469,1.92,13.8,0.219,0.646,0.434,0.093,0.44,0.502,90.77,0.391
J. Clarkson | W. Ellington | J. Hill | R. Kelly | R. Sacre,LAL,7,2,5,0.286,70.0,89.2,101.2,-12.0,0.49,1.09,13.8,0.221,0.77,0.507,0.163,0.435,0.473,95.89,0.431
G. Antetokounmpo | J. Dudley | B. Knight | K. Middleton | Z. Pachulia,MIL,16,10,6,0.625,69.0,110.2,85.2,25.0,0.678,1.48,20.7,0.273,0.726,0.513,0.196,0.579,0.604,94.39,0.681
J. Juan | T. Chandler | M. Ellis | D. Nowitzki | C. Parsons,DAL,14,9,5,0.643,69.0,122.3,107.9,14.5,0.563,2.25,18.0,0.339,0.652,0.5,0.112,0.538,0.591,94.69,0.619
V. Carter | M. Conley | M. Gasol | C. Lee | Z. Randolph,MEM,18,17,1,0.944,69.0,103.1,79.9,23.2,0.667,3.17,19.0,0.229,0.731,0.493,0.082,0.467,0.502,93.65,0.728
M. Conley | M. Gasol | C. Lee | T. Prince | Z. Randolph,MEM,8,4,4,0.5,69.0,102.9,104.4,-1.5,0.537,1.93,15.8,0.314,0.721,0.514,0.113,0.45,0.489,89.64,0.49
G. Antetokounmpo | J. Bayless | J. Dudley | J. Henson | O. Mayo,MIL,18,12,6,0.667,68.0,103.7,95.2,8.6,0.8,1.6,21.4,0.322,0.667,0.5,0.195,0.509,0.544,91.8,0.574
B. Beal | R. Butler | M. Gortat | K. Humphries | J. Wall,WAS,22,16,6,0.727,68.0,110.5,99.5,11.0,0.707,3.15,22.0,0.194,0.729,0.467,0.098,0.532,0.552,94.42,0.564
B. Bogdanovic | J. Johnson | B. Lopez | M. Teletovic | D. Williams,BKN,11,4,7,0.364,68.0,102.3,96.0,6.3,0.58,1.45,16.7,0.25,0.726,0.511,0.154,0.487,0.532,91.63,0.534
C. Butler | K. Caldwell-Pope | B. Jennings | G. Monroe | J. Smith,DET,14,3,11,0.214,68.0,98.6,100.9,-2.3,0.569,2.23,15.7,0.216,0.727,0.457,0.093,0.449,0.483,98.25,0.493
M. Dellavedova | L. James | J. Jones | I. Shumpert | T. Thompson,CLE,15,11,4,0.733,68.0,101.9,111.8,-9.8,0.643,1.5,16.1,0.169,0.744,0.412,0.138,0.495,0.543,89.28,0.426
T. Allen | N. Calathes | K. Koufos | J. Leuer | B. Udrih,MEM,12,9,3,0.75,67.0,97.6,81.8,15.8,0.527,1.21,15.1,0.403,0.661,0.527,0.176,0.449,0.477,97.34,0.606
B. Beal | M. Gortat | K. Humphries | O. Porter | J. Wall,WAS,17,9,8,0.529,67.0,105.0,102.9,2.1,0.527,1.32,15.9,0.339,0.803,0.581,0.164,0.513,0.537,94.82,0.54
A. Brooks | M. Dunleavy | P. Gasol | N. Mirotic | T. Snell,CHI,15,9,6,0.6,67.0,110.6,90.4,20.2,0.6,2.06,18.8,0.157,0.757,0.512,0.119,0.544,0.588,92.92,0.658
T. Burke | A. Burks | R. Gobert | G. Hayward | E. Kanter,UTA,15,3,12,0.2,67.0,96.8,95.0,1.8,0.622,1.56,16.5,0.218,0.75,0.486,0.138,0.458,0.507,93.18,0.516
R. Butler | N. Hilario | A. Miller | O. Porter | K. Seraphin,WAS,13,7,6,0.538,67.0,106.0,99.2,6.8,0.492,1.72,17.9,0.302,0.797,0.573,0.142,0.542,0.539,89.39,0.581
N. Collison | R. Jackson | A. Morrow | K. Perkins | D. Waiters,OKC,10,6,4,0.6,67.0,76.9,85.8,-8.8,0.467,1.0,12.8,0.2,0.701,0.455,0.162,0.403,0.41,91.72,0.386
D. Augustin | C. Butler | J. Jerebko | J. Meeks | G. Monroe,DET,13,7,6,0.538,66.0,112.6,105.5,7.1,0.58,1.12,17.7,0.298,0.763,0.557,0.215,0.578,0.625,88.57,0.541
K. Bazemore | A. Horford | K. Korver | P. Millsap | J. Teague,ATL,17,14,3,0.824,66.0,111.3,108.3,3.0,0.745,2.56,22.2,0.185,0.737,0.468,0.12,0.547,0.583,95.69,0.54
B. Beal | M. Gortat | N. Hilario | O. Porter | J. Wall,WAS,13,10,3,0.769,66.0,107.7,94.1,13.6,0.778,1.91,22.8,0.288,0.814,0.568,0.173,0.547,0.57,93.37,0.614
O. Casspi | D. Cousins | B. McLemore | R. Sessions | J. Thompson,SAC,4,2,2,0.5,66.0,101.8,81.5,20.3,0.611,1.14,18.4,0.295,0.784,0.602,0.217,0.547,0.578,95.8,0.728
K. Irving | L. James | K. Love | M. Miller | A. Varejao,CLE,12,8,4,0.667,66.0,111.5,109.2,2.3,0.72,2.4,21.9,0.167,0.771,0.469,0.125,0.55,0.592,88.99,0.499
D. Cousins | R. Gay | C. Landry | R. McCallum | B. McLemore,SAC,8,3,5,0.375,65.0,96.0,119.0,-23.0,0.571,1.33,16.2,0.276,0.759,0.517,0.163,0.465,0.5,93.76,0.388
D. DeRozan | A. Johnson | K. Lowry | P. Patterson | T. Ross,TOR,19,11,8,0.579,65.0,125.7,109.9,15.8,0.526,2.0,17.0,0.294,0.726,0.531,0.114,0.572,0.629,96.0,0.592
B. Griffin | D. Jordan | C. Paul | J. Redick | H. Turkoglu,LAC,8,7,1,0.875,65.0,123.6,113.2,10.4,0.667,2.11,21.9,0.234,0.849,0.56,0.144,0.647,0.658,94.73,0.551
T. Harris | A. Nicholson | V. Oladipo | E. Payton | N. Vucevic,ORL,10,2,8,0.2,65.0,111.6,102.7,8.9,0.629,1.95,21.2,0.212,0.778,0.5,0.15,0.57,0.598,98.59,0.562
K. Irving | K. Love | T. Mozgov | I. Shumpert | J. Smith,CLE,20,18,2,0.9,65.0,114.5,89.8,24.7,0.481,1.53,15.1,0.246,0.696,0.492,0.128,0.54,0.586,98.67,0.627
P. Antic | K. Korver | P. Millsap | T. Sefolosha | J. Teague,ATL,15,12,3,0.8,64.0,122.5,86.6,35.8,0.532,1.57,17.4,0.4,0.897,0.667,0.153,0.58,0.617,98.02,0.733
M. Barnes | B. Griffin | D. Jordan | C. Paul | A. Rivers,LAC,14,10,4,0.714,64.0,123.7,105.9,17.8,0.6,2.17,21.4,0.354,0.691,0.552,0.143,0.613,0.623,96.78,0.591
D. DeRozan | K. Lowry | P. Patterson | T. Ross | J. Valanciunas,TOR,19,10,9,0.526,64.0,103.2,126.1,-22.9,0.422,1.73,11.7,0.262,0.644,0.418,0.087,0.423,0.493,93.02,0.341
R. Hibbert | S. Hill | C. Miles | L. Scola | D. Sloan,IND,8,2,6,0.25,64.0,71.5,110.1,-38.6,0.694,0.78,15.0,0.237,0.827,0.514,0.251,0.395,0.417,95.01,0.244
R. Anderson | A. Davis | T. Evans | J. Holiday | A. Rivers,NOP,18,8,10,0.444,63.0,119.7,102.5,17.2,0.448,1.73,14.9,0.333,0.759,0.554,0.115,0.53,0.585,98.79,0.619
D. Augustin | N. Collison | M. McGary | A. Morrow | D. Waiters,OKC,9,6,3,0.667,63.0,101.8,81.8,20.1,0.451,1.64,12.7,0.329,0.794,0.544,0.106,0.437,0.467,100.14,0.615
E. Bledsoe | G. Dragic | A. Len | M. Morris | M. Morris,PHX,17,9,8,0.529,63.0,108.2,100.2,8.0,0.518,1.61,16.6,0.276,0.87,0.563,0.139,0.522,0.549,101.63,0.542
E. Bledsoe | G. Dragic | M. Morris | I. Thomas | P. Tucker,PHX,19,9,10,0.474,63.0,111.1,109.1,2.0,0.353,0.95,10.6,0.193,0.686,0.426,0.135,0.514,0.589,107.06,0.507
A. Afflalo | W. Chandler | K. Faried | J. Hickson | T. Lawson,DEN,20,8,12,0.4,62.0,116.6,132.6,-16.0,0.473,1.44,15.0,0.294,0.778,0.521,0.136,0.579,0.596,98.86,0.406
A. Aminu | T. Chandler | M. Ellis | C. Parsons | R. Rondo,DAL,15,7,8,0.467,62.0,89.2,76.4,12.8,0.675,1.13,16.3,0.196,0.687,0.463,0.188,0.449,0.496,99.23,0.673
K. Bryant | E. Davis | J. Hill | W. Johnson | J. Lin,LAL,18,5,13,0.278,62.0,104.6,123.9,-19.3,0.464,1.37,15.9,0.255,0.714,0.471,0.154,0.536,0.545,96.17,0.393
O. Casspi | D. Cousins | C. Landry | R. McCallum | B. McLemore,SAC,7,1,6,0.143,62.0,101.8,113.6,-11.8,0.7,1.46,20.0,0.302,0.629,0.488,0.194,0.519,0.544,95.94,0.473
D. Collison | R. Gay | C. Landry | B. McLemore | J. Thompson,SAC,18,10,8,0.556,62.0,96.3,89.5,6.8,0.415,1.21,11.3,0.204,0.81,0.518,0.114,0.426,0.494,95.41,0.546
J. Crawford | G. Davis | S. Hawes | A. Rivers | H. Turkoglu,LAC,11,7,4,0.636,62.0,98.1,106.0,-7.9,0.568,1.79,16.1,0.172,0.833,0.508,0.116,0.471,0.507,91.91,0.442
K. Irving | L. James | K. Love | T. Thompson | D. Waiters,CLE,21,13,8,0.619,62.0,115.4,91.7,23.7,0.491,2.17,16.2,0.264,0.625,0.45,0.1,0.523,0.568,93.67,0.672
L. Mbah | N. Noel | J. Richardson | J. Sampson | I. Smith,PHI,6,2,4,0.333,62.0,86.8,102.1,-15.3,0.568,1.92,15.1,0.203,0.655,0.409,0.103,0.408,0.43,97.53,0.418
